hfpxzc href,name,MW4etd,UY7F9,category,W4Efsd 2,Address,W4Efsd 3,W4Efsd 4,W4Efsd 5,W4Efsd 6,Phone,lcr4fd href,Cw1rxd,R8c4Qb,Cw1rxd 2,R8c4Qb 2,doJOZc,ah5Ghc
,,,,,,,,,,,,,,,,,,
,,,,,,,,,,,,,,,,,,
"https://www.google.com/maps/place/Dr.+Sandeep+Nayak+-+Oncologist+in+Bangalore,+India/data=!4m7!3m6!1s0x3bae15c7ff8f36a1:0xc44f7f81cb402061!8m2!3d12.918964!4d77.579684!16s%2Fg%2F12m90xstx!19sChIJoTaP_8cVrjsRYSBAy4F_T8Q?authuser=0&hl=en&rclk=1","Dr. Sandeep Nayak - Oncologist in Bangalore, India",4.8,-191,Oncologist,·,"MACS Clinic, No.96/A /9/1 42nd cross","MACS Clinic, No.96/A /9/1 42nd cross",,· Closes 8:30 pm,·,094822 02240,https://www.google.com/aclk?sa=L&ai=DChsSEwjB7fq6-r2UAxV8vKYDHeLHIoAYACICCAEQBRoCdGI&co=1&ase=2&gclid=CjwKCAjwq6DQBhBVEiwA4ZD5XBz3HevKcuj8UEpnV1leSJU--XdMAlJlKfpEKYUs3mqBBk2c1TDvGxoC2pcQAvD_BwE&cid=CAAS0wHkaInfGXbPFKTwepGkLlNZWFVuBX5-ONCBu5yPw45_R18crFP9ZSATGZOYJ42d68M1wfyFCBGpPThm6V7ft78wA7foYigGpsspE1HJwmnfdV0VMIeSfbBpHGPNI7IJ07JS45tcdXnU2iMqc1Qg7T9GcP5hTa7jUPr1zJTmaG061DlDy6yxAw-qL_CicYK0oq6zGGA3BpWFBYhtS2ii4hEiuIvKFU0JzHnKso_gdYm9x1qwG1vZjkc0XJAQYsbYgOBUzugc8802_pFCe83_lqG4sUNp&cce=2&category=acrcp_v1_32&sig=AOD64_0kHv3zZtKOjA_VGImtqfZ02u4uVg&adurl&q&ctype=99&nis=6,,Website,,Directions,,
"https://www.google.com/maps/place/Fortis+Hospital,+Bannerghatta+Road+-+Best+Hospital+in+Bangalore/data=!4m7!3m6!1s0x3bae15237055f411:0x7308c26631aa9e25!8m2!3d12.8948217!4d77.5986197!16s%2Fg%2F1tcwddzm!19sChIJEfRVcCMVrjsRJZ6qMWbCCHM?authuser=0&hl=en&rclk=1","Fortis Hospital, Bannerghatta Road - Best Hospital in Bangalore",4.7,"-23,135",Hospital,·,"154, 9, Bannerghatta Rd, opposite IIM",·,"154, 9, Bannerghatta Rd, opposite IIM",Open 24 hours,·,096633 67253,https://www.fortishealthcare.com/location/fortis-hospital-bg-road-bangalore?utm_source=google-gmb&utm_medium=gmb-seo-url&utm_campaign=FHL-gmb,,Website,,Directions,,On-site services
https://www.google.com/maps/place/Fortis+Hospital+Bangalore+%7C+Cunningham+Road+-+Best+Hospital+in+Bangalore/data=!4m7!3m6!1s0x3bae166847800b0f:0x5670f48c68782ac8!8m2!3d12.9882166!4d77.5943056!16s%2Fg%2F1vr3bm6g!19sChIJDwuAR2gWrjsRyCp4aIz0cFY?authuser=0&hl=en&rclk=1,Fortis Hospital Bangalore | Cunningham Road - Best Hospital in Bangalore,4.6,"-7,257",Hospital,·,"14, Cunningham Rd, near Sigma Central Mall",·,"14, Cunningham Rd, near Sigma Central Mall",Open 24 hours,·,096868 60310,https://www.fortishealthcare.com/location/fortis-hospital-cg-road-bangalore,,Website,,Directions,,On-site services
https://www.google.com/maps/place/Manipal+Hospital+Yeshwanthpur/data=!4m7!3m6!1s0x3bae162a55555555:0x886d228d64097005!8m2!3d13.014153!4d77.5560419!16s%2Fg%2F1tfj1mfw!19sChIJVVVVVSoWrjsRBXAJZI0ibYg?authuser=0&hl=en&rclk=1,Manipal Hospital Yeshwanthpur,4.7,"-23,306",General hospital,·,"BRIGADE GATEWAY, 26/4, beside Metro",·,"BRIGADE GATEWAY, 26/4, beside Metro",Open 24 hours,·,1800 102 4647,https://www.manipalhospitals.com/yeshwanthpur/?utm_source=GMB&utm_medium=,,Website,,Directions,,On-site services
https://www.google.com/maps/place/The+Bangalore+Hospital/data=!4m7!3m6!1s0x3bae158e750221f1:0xf18e3d80c3d298aa!8m2!3d12.9377405!4d77.5804336!16s%2Fg%2F1tdxzbgd!19sChIJ8SECdY4VrjsRqpjSw4A9jvE?authuser=0&hl=en&rclk=1,The Bangalore Hospital,4.6,"-2,208",Hospital,·,"202, Rashtriya Vidyalaya Rd",·,"202, Rashtriya Vidyalaya Rd",Open 24 hours,·,083173 10513,https://bangalorehospitals.in/,,Website,,Directions,,On-site services
https://www.google.com/maps/place/Manipal+Hospitals/data=!4m7!3m6!1s0x3bae13c0c0c6206b:0x12d8d4c39197c7dd!8m2!3d12.9584571!4d77.649039!16s%2Fg%2F11h7rr7_j1!19sChIJayDGwMATrjsR3ceXkcPU2BI?authuser=0&hl=en&rclk=1,Manipal Hospitals,4.6,"-26,590",Hospital,·,"98, HAL Old Airport Rd",·,"98, HAL Old Airport Rd",Open 24 hours,·,1800 102 4647,https://www.manipalhospitals.com/oldairportroad/?utm_source=Organic&utm_medium=GMB+Organic&utm_campaign=Old+Airport+Road+Hospital+GMB,,Website,,Directions,,On-site services
"https://www.google.com/maps/place/Aster+CMI+Hospital+-+Best+Multispeciality+Hospital+in+Hebbal,+Bengaluru/data=!4m7!3m6!1s0x3bae1789755331d3:0x622ebc0aa55f732c!8m2!3d13.054497!4d77.5915659!16s%2Fg%2F11gdty88zr!19sChIJ0zFTdYkXrjsRLHNfpQq8LmI?authuser=0&hl=en&rclk=1","Aster CMI Hospital - Best Multispeciality Hospital in Hebbal, Bengaluru",4.7,"-50,934",Hospital,·,"43/2, NH 7, New Airport Road",·,"43/2, NH 7, New Airport Road",Open 24 hours,·,080 4342 0100,https://www.asterhospitals.in/hospitals/aster-cmi-bangalore,,Website,,Directions,,On-site services
"https://www.google.com/maps/place/Gleneagles+BGS+Hospital+-+Top+Multi+Speciality+Hospital+in+Kengeri,+Bengaluru/data=!4m7!3m6!1s0x3bae3f3a216fb62f:0x195205a95bb618cf!8m2!3d12.902994!4d77.4974865!16s%2Fg%2F1tdsh6nd!19sChIJL7ZvITo_rjsRzxi2W6kFUhk?authuser=0&hl=en&rclk=1","Gleneagles BGS Hospital - Top Multi Speciality Hospital in Kengeri, Bengaluru",4.7,"-12,253",General hospital,·,"67, Uttarahalli Main Rd",·,"67, Uttarahalli Main Rd",Open 24 hours,·,092402 65552,https://www.gleneagleshospitals.co.in/gleneagles-hospital-kengeri-bengaluru,,Website,,Directions,,On-site services
"https://www.google.com/maps/place/SPARSH+Hospital,+Infantry+Road/data=!4m7!3m6!1s0x3bae1662b5e4f303:0x83e17841b11f5631!8m2!3d12.9832825!4d77.59475!16s%2Fg%2F11b69swnm9!19sChIJA_PktWIWrjsRMVYfsUF44YM?authuser=0&hl=en&rclk=1","SPARSH Hospital, Infantry Road",4.6,"-4,734",General hospital,·,"No 146, Prestige Opal, Infantry Rd, opp. Police Commissioner’s office",·,"No 146, Prestige Opal, Infantry Rd, opp. Police Commissioner’s office",Open 24 hours,·,080 6591 3403,https://www.sparshhospital.com/hospitals/sparsh-hospital-infantry-road/,,Website,,Directions,,On-site services
"https://www.google.com/maps/place/Fortis+Hospital,+Nagarbhavi+-+Best+Hospital+in+Bangalore/data=!4m7!3m6!1s0x3bae16773c548eed:0xff00fb1e264b6969!8m2!3d12.9597522!4d77.5113053!16s%2Fg%2F1tnpjfyq!19sChIJ7Y5UPHcWrjsRaWlLJh77AP8?authuser=0&hl=en&rclk=1","Fortis Hospital, Nagarbhavi - Best Hospital in Bangalore",4.7,"-9,375",General hospital,·,"Survey No 23, Building, 119, 80 Feet Main Rd",·,"Survey No 23, Building, 119, 80 Feet Main Rd",Open 24 hours,·,095910 35258,https://www.fortishealthcare.com/location/fortis-nagarbhavi-bangalore?utm_source=google-gmb&utm_medium=gmb-seo-url&utm_campaign=FHL-gmb,,Website,,Directions,,On-site services
"https://www.google.com/maps/place/Narayana+Hospital,+HSR+Layout/data=!4m7!3m6!1s0x3bae149a163c761f:0x383a13f2dabe4eca!8m2!3d12.9081024!4d77.6435134!16s%2Fg%2F11cs0rnmxd!19sChIJH3Y8FpoUrjsRyk6-2vITOjg?authuser=0&hl=en&rclk=1","Narayana Hospital, HSR Layout",4.5,"-12,427",General hospital,·,"Basant Health Centre Building, 1, 24th Cross Rd",·,"Basant Health Centre Building, 1, 24th Cross Rd",Open 24 hours,·,080 6215 4313,https://www.narayanahealth.org/hospitals/bangalore/narayana-multispeciality-hospital-hsr-bangalore/?utm_source=Googlemaps&utm_medium=GMB,,Website,,Directions,,On-site services
https://www.google.com/maps/place/Manipal+Hospital+Whitefield/data=!4m7!3m6!1s0x3bae11fc05fbc8a1:0xd4c8ae89f2811666!8m2!3d12.9880554!4d77.7287744!16s%2Fg%2F11bzsghy7z!19sChIJocj7BfwRrjsRZhaB8omuyNQ?authuser=0&hl=en&rclk=1,Manipal Hospital Whitefield,4.7,"-34,709",Private hospital,·,"ITPL Main Rd, opposite PRESTIGE SHANTINIKETAN",·,"ITPL Main Rd, opposite PRESTIGE SHANTINIKETAN",Open 24 hours,·,1800 102 4647,https://www.manipalhospitals.com/whitefield/?utm_source=Organic&utm_medium=GMB+Organic&utm_campaign=Whitefield+Hospital+GMB,,Website,,Directions,,On-site services
"https://www.google.com/maps/place/Apollo+Hospitals+%7C+Best+Hospital+in+Bannerghatta+Road,+Bengaluru/data=!4m7!3m6!1s0x3bae152152c6edf7:0x838c2e0a91221a87!8m2!3d12.8961976!4d77.5985971!16s%2Fg%2F1tdj_0h9!19sChIJ9-3GUiEVrjsRhxoikQoujIM?authuser=0&hl=en&rclk=1","Apollo Hospitals | Best Hospital in Bannerghatta Road, Bengaluru",4.7,"-23,677",Hospital,·,"IIM, 154/11, Bannerghatta Rd, opposite Krishnaraju Layout",·,"IIM, 154/11, Bannerghatta Rd, opposite Krishnaraju Layout",Open 24 hours,·,080 6904 9765,https://www.apollohospitals.com/hospitals/apollo-hospitals-bannerghatta-road,,Website,,Directions,,On-site services
https://www.google.com/maps/place/Manipal+Hospital+Hebbal/data=!4m7!3m6!1s0x3bae178f26a5ddf9:0x930a4b59c8b80796!8m2!3d13.0509374!4d77.5939248!16s%2Fg%2F1tywwd89!19sChIJ-d2lJo8XrjsRlge4yFlLCpM?authuser=0&hl=en&rclk=1,Manipal Hospital Hebbal,4.6,"-16,617",General hospital,·,"Manipal Hospital, Kirloskar Business Park, Bellary Rd","Manipal Hospital, Kirloskar Business Park, Bellary Rd",·,Open 24 hours,,1800 102 4647,https://www.manipalhospitals.com/hebbal/?utm_source=GMB&utm_medium=,,Website,,Directions,,On-site services
https://www.google.com/maps/place/Vikram+Aura+Hospitals+%7C+Richmond+Road/data=!4m7!3m6!1s0x3bae142ac1c81093:0xa2fc9609c496d0c4!8m2!3d12.9657136!4d77.6096103!16s%2Fg%2F11bw6dhq9c!19sChIJkxDIwSoUrjsRxNCWxAmW_KI?authuser=0&hl=en&rclk=1,Vikram Aura Hospitals | Richmond Road,4.6,"-1,783",Hospital,·,"62, Mother Teresa Rd Xavier Layout , Victoria Layout, Richmond Rd, behind Sacred Heart School Sacred Heart Church",·,"62, Mother Teresa Rd Xavier Layout , Victoria Layout, Richmond Rd, behind Sacred Heart School Sacred Heart Church",Open 24 hours,·,088844 81414,https://vikramaurahospitals.com/,,Website,,Directions,,On-site services
https://www.google.com/maps/place/Manipal+Hospital+Varthur+Road/data=!4m7!3m6!1s0x3bae0df61d3a1a4b:0x24f86d9cf8e48abb!8m2!3d12.9581418!4d77.7455758!16s%2Fg%2F1q6h_ysgm!19sChIJSxo6HfYNrjsRu4rk-Jxt-CQ?authuser=0&hl=en&rclk=1,Manipal Hospital Varthur Road,4.7,"-24,384",Private hospital,·,"Survey No. 10P &, 12P, Whitefield Main Rd","Survey No. 10P &, 12P, Whitefield Main Rd",·,Open 24 hours,,1800 102 4647,https://www.manipalhospitals.com/varthurroad/?utm_source=GMB&utm_medium=,,Website,,Directions,,On-site services
https://www.google.com/maps/place/Chord+Road+Hospital+Private+Limited/data=!4m7!3m6!1s0x3bae3d978ca3818d:0x21219d321db87a78!8m2!3d12.9979797!4d77.5406493!16s%2Fg%2F1td7lrhy!19sChIJjYGjjJc9rjsReHq4HTKdISE?authuser=0&hl=en&rclk=1,Chord Road Hospital Private Limited,4.1,"-1,313",General hospital,·,"100/101, LIC colony, 100/101, Shankar Mutt Rd, near Shankar Mutt",·,"100/101, LIC colony, 100/101, Shankar Mutt Rd, near Shankar Mutt",Open 24 hours,·,080671 92222,http://www.chordroadhospital.com/,,Website,,Directions,,
https://www.google.com/maps/place/Apollo+Hospital+%7C+Best+Hospital+in+Seshadripuram/data=!4m7!3m6!1s0x3bae17ddf4a463e3:0x415a988bfb0b66c8!8m2!3d12.9882998!4d77.5724713!16s%2Fg%2F11b8tcmsy5!19sChIJ42Ok9N0XrjsRyGYL-4uYWkE?authuser=0&hl=en&rclk=1,Apollo Hospital | Best Hospital in Seshadripuram,4.8,"-24,783",Hospital,·,"Old No. 28, 1, Platform Rd, near Mantri square mall",·,"Old No. 28, 1, Platform Rd, near Mantri square mall",Open 24 hours,·,080 6297 2761,https://www.apollohospitals.com/hospitals/apollo-hospitals-seshadripuram,,Website,,Directions,,On-site services
https://www.google.com/maps/place/TrueLife+Speciality+Hospital/data=!4m7!3m6!1s0x3bae3d057bbe59c5:0x69315fd978d5d7ec!8m2!3d12.9811169!4d77.5108479!16s%2Fg%2F11rnqh431y!19sChIJxVm-ewU9rjsR7NfVeNlfMWk?authuser=0&hl=en&rclk=1,TrueLife Speciality Hospital,4.6,-356,Hospital,·,"No.188, Vivek Complex, 80 Feet Ring Rd, near Bangalore Development Authority Complex",·,"No.188, Vivek Complex, 80 Feet Ring Rd, near Bangalore Development Authority Complex",Open 24 hours,·,093426 00800,https://truelifehospital.com/,,Website,,Directions,,On-site services
https://www.google.com/maps/place/Bangalore+Hospital+Kengeri+%7C+Best+Hospital+in+Bangalore/data=!4m7!3m6!1s0x3bae3ec2805bdb55:0xbc43500db63b6ee0!8m2!3d12.931133!4d77.4930535!16s%2Fg%2F1tdc3n_1!19sChIJVdtbgMI-rjsR4G47tg1QQ7w?authuser=0&hl=en&rclk=1,Bangalore Hospital Kengeri | Best Hospital in Bangalore,4.8,"-1,920",General hospital,·,"1st Block, 3P/2, 60 Feet Rd, behind Shirke Apartment",·,"1st Block, 3P/2, 60 Feet Rd, behind Shirke Apartment",Open 24 hours,·,090908 04680,https://www.bangalorehospitals.in/,,Website,,Directions,,
https://www.google.com/maps/place/Manipal+Hospitals+Jayanagar/data=!4m7!3m6!1s0x3bae1509468cbedf:0xa5712ccedb6d0c26!8m2!3d12.9171288!4d77.591795!16s%2Fg%2F11b6p0643j!19sChIJ376MRgkVrjsRJgxt284scaU?authuser=0&hl=en&rclk=1,Manipal Hospitals Jayanagar,4.7,"-11,653",Private hospital,·,"45th Cross Rd, opp. Bangalore",·,"45th Cross Rd, opp. Bangalore",Open 24 hours,·,1800 102 4647,https://www.manipalhospitals.com/jayanagar/?utm_source=GMB&utm_medium=,,Website,,Directions,,On-site services
https://www.google.com/maps/place/Aster+Whitefield+Hospital/data=!4m7!3m6!1s0x3bae11a84d4cb329:0xb1b44545b4227d0d!8m2!3d12.9894945!4d77.7337373!16s%2Fg%2F11t9lm3vgh!19sChIJKbNMTagRrjsRDX0itEVFtLE?authuser=0&hl=en&rclk=1,Aster Whitefield Hospital,4.7,"-10,601",Hospital,·,"Sadaramangala, Plot No. 3 & 4, Main Road, off Whitefield, opposite ITPL Main Road",·,"Sadaramangala, Plot No. 3 & 4, Main Road, off Whitefield, opposite ITPL Main Road",Open 24 hours,·,080 4510 8888,https://www.asterhospitals.in/hospitals/aster-whitefield-bangalore,,Website,,Directions,,On-site services
https://www.google.com/maps/place/Manipal+Hospital+Millers+Road/data=!4m7!3m6!1s0x3bae1669eaba3441:0x2de104cb3a53a50d!8m2!3d12.9883379!4d77.5919754!16s%2Fg%2F1tkd_dg7!19sChIJQTS66mkWrjsRDaVTOssE4S0?authuser=0&hl=en&rclk=1,Manipal Hospital Millers Road,4.5,"-7,487",Hospital,·,"71/1, Millers Rd, opp. to St. Anne's College",·,"71/1, Millers Rd, opp. to St. Anne's College",Open 24 hours,·,1800 102 4647,https://www.manipalhospitals.com/millersroad/?utm_source=GMB&utm_medium=,,Website,,Directions,,On-site services
https://www.google.com/maps/place/Cura+Hospitals+-+Multispeciality+Hospital+in+Bangalore/data=!4m7!3m6!1s0x3bae15bc24cee65d:0xfe823500385aa3d4!8m2!3d12.888292!4d77.561261!16s%2Fg%2F11j4f24_py!19sChIJXebOJLwVrjsR1KNaOAA1gv4?authuser=0&hl=en&rclk=1,Cura Hospitals - Multispeciality Hospital in Bangalore,4.7,"-2,818",Hospital,·,"18, Kanakapura Main Rd",·,"18, Kanakapura Main Rd",Open 24 hours,·,087480 30303,https://www.curahospitals.com/,,Website,,Directions,,On-site services
https://www.google.com/maps/place/Suguna+Hospital+Bangalore/data=!4m7!3m6!1s0x3bae3df532d15619:0x409bdd1907dfbf55!8m2!3d12.988145!4d77.560033!16s%2Fg%2F11g6rdd3_f!19sChIJGVbRMvU9rjsRVb_fBxndm0A?authuser=0&hl=en&rclk=1,Suguna Hospital Bangalore,4.7,"-8,907",Hospital,·,"4th 'N' Block, 1A/87, Dr Rajkumar Rd",·,"4th 'N' Block, 1A/87, Dr Rajkumar Rd",Open 24 hours,,,http://www.sugunahospital.com/,,Website,,Directions,,On-site services
https://www.google.com/maps/place/SPARSH+Hospital+Yeshwanthpur/data=!4m7!3m6!1s0x3bae3d6b8e17c907:0x5c6d10b34999d043!8m2!3d13.0277135!4d77.5429315!16s%2Fg%2F11b6j5by8f!19sChIJB8kXjms9rjsRQ9CZSbMQbVw?authuser=0&hl=en&rclk=1,SPARSH Hospital Yeshwanthpur,4.7,"-17,261",General hospital,·,"4/1, Tumkur Rd",·,"4/1, Tumkur Rd",Open 24 hours,·,080 6591 7034,https://www.sparshhospital.com/hospitals/sparsh-hospital-yeswanthpur/,,Website,,Directions,,On-site services
https://www.google.com/maps/place/Omega+Multispeciality+Hospital/data=!4m7!3m6!1s0x3bae18604ac9a52f:0xc6b5566b8414b232!8m2!3d13.1005151!4d77.581376!16s%2Fg%2F11clyq_k5p!19sChIJL6XJSmAYrjsRMrIUhGtWtcY?authuser=0&hl=en&rclk=1,Omega Multispeciality Hospital,4.6,"-2,168",General hospital,·,"HIG 1&2 PHASE, 1236, WARD NO:4, B SECTOR",·,"HIG 1&2 PHASE, 1236, WARD NO:4, B SECTOR",Open 24 hours,·,072042 11244,https://www.omegamultispecialityhospital.com/doctors.html,,Website,,Directions,,"""Amazing doctors, great nurses, extremely hygienic, great insurance team!"""
https://www.google.com/maps/place/Mazumdar+Shaw+Medical+Center/data=!4m7!3m6!1s0x3bae6c33ea16001d:0x51693da9325cf807!8m2!3d12.8065639!4d77.6947958!16s%2Fg%2F11c0rh7twh!19sChIJHQAW6jNsrjsRB_hcMqk9aVE?authuser=0&hl=en&rclk=1,Mazumdar Shaw Medical Center,4.8,"-31,716",General hospital,·,"258/A, Hosur Rd",·,"258/A, Hosur Rd",Open 24 hours,·,080 6215 4542,https://www.narayanahealth.org/hospitals/bangalore/mazumdar-shaw-medical-centre-bommasandra?utm_source=Googlemaps&utm_medium=GMB,,Website,,Directions,,On-site services
https://www.google.com/maps/place/St+Philomena%27s+Hospital/data=!4m7!3m6!1s0x3bae142bac7a3b7f:0xb9d552e81e7e808!8m2!3d12.96533!4d77.6110526!16s%2Fg%2F1tdcdtkr!19sChIJfzt6rCsUrjsRCOjngS5VnQs?authuser=0&hl=en&rclk=1,St Philomena's Hospital,3.6,"-1,143",General hospital,·,"Post, 4, Mother Teresa Rd, near Life Style",·,"Post, 4, Mother Teresa Rd, near Life Style",Open 24 hours,·,080 4016 4346,https://stphilomenashospital.com/index.php,,Website,,Directions,,On-site services
"https://www.google.com/maps/place/Aasra+Hospitals+-+Best+Robotic+Surgery+Hospital+in+Bangalore,+Karnataka,+India/data=!4m7!3m6!1s0x3bae15a9c42ca46d:0x85d4b4db75645021!8m2!3d12.9231408!4d77.6000488!16s%2Fg%2F11rw8_v9x6!19sChIJbaQsxKkVrjsRIVBkddu01IU?authuser=0&hl=en&rclk=1","Aasra Hospitals - Best Robotic Surgery Hospital in Bangalore, Karnataka, India",4.5,-276,General hospital,·,"No. 9, TKN Towers, AASRA Hospitals, Bannerghatta Rd",·,"No. 9, TKN Towers, AASRA Hospitals, Bannerghatta Rd",Open 24 hours,·,080 6945 1367,https://ayu-health-hospital.b12sites.com/index,,Website,,Directions,,"""Had admitted my wife for surgery, facilities were excellent and hassle free."""
https://www.google.com/maps/place/South+City+Hospital/data=!4m7!3m6!1s0x3bae15ebe5eb8943:0xe0dbcedc8f6adc48!8m2!3d12.9497184!4d77.5802372!16s%2Fg%2F1v2yx9kj!19sChIJQ4nr5esVrjsRSNxqj9zO2-A?authuser=0&hl=en&rclk=1,South City Hospital,4.3,-213,General hospital,·,"53, SHALINI’, Mavalli, Main Road, Rashtriya Vidyalaya Rd, near Lalbagh West Gate on",·,"53, SHALINI’, Mavalli, Main Road, Rashtriya Vidyalaya Rd, near Lalbagh West Gate on",Open 24 hours,·,072049 31879,https://southcityhospital.com/,,Website,,Directions,,On-site services not available
"https://www.google.com/maps/place/SPARSH+Hospital,+RR+Nagar/data=!4m7!3m6!1s0x3bae3e56d9f0d45d:0x13f99e4878243295!8m2!3d12.9267337!4d77.521328!16s%2Fg%2F11bwfm9q53!19sChIJXdTw2VY-rjsRlTIkeEie-RM?authuser=0&hl=en&rclk=1","SPARSH Hospital, RR Nagar",4.6,"-7,816",General hospital,·,8,·,8,Open 24 hours,·,080 6591 4602,https://www.sparshhospital.com/hospitals/ss-sparsh-hospital-rr-nagar/,,Website,,Directions,,On-site services
https://www.google.com/maps/place/Best+Multispeciality+Hospital+in+Bangalore/data=!4m7!3m6!1s0x3bae17eefe2e2e99:0x5fc22891babb760d!8m2!3d12.9791967!4d77.6155243!16s%2Fg%2F11qqcf9kqn!19sChIJmS4u_u4XrjsRDXa7upEowl8?authuser=0&hl=en&rclk=1,Best Multispeciality Hospital in Bangalore,4.6,-380,Hospital,·,"No 43, Dickenson Rd, next to Hasanath College",·,"No 43, Dickenson Rd, next to Hasanath College",Open 24 hours,·,080 6510 5053,https://www.pristyncare.com/bangalore/c/proctology/?utm_source=gmb&utm_medium=organic&utm_campaign=14269541459215721705&utm_term=Hospital&utm_content=websitelink,,Website,,Directions,,On-site services
https://www.google.com/maps/place/H+B+S+Hospital/data=!4m7!3m6!1s0x3bae166093bdefab:0xa27a91ff33a95a64!8m2!3d12.9893266!4d77.6035364!16s%2Fg%2F1q5gqnj57!19sChIJq--9k2AWrjsRZFqpM_-ReqI?authuser=0&hl=en&rclk=1,H B S Hospital,4,-630,Hospital,·,"58, Cock Burn Rd",·,"58, Cock Burn Rd",Open 24 hours,·,080 2555 5500,http://www.hbshospital.com/,,Website,,Directions,,On-site services
https://www.google.com/maps/place/Marvel+Multispeciality+Hospital/data=!4m7!3m6!1s0x3bae146236c063c9:0xd8ec5a34f3af2d35!8m2!3d12.9254888!4d77.6359119!16s%2Fg%2F1tk6ns46!19sChIJyWPANmIUrjsRNS2v8zRa7Ng?authuser=0&hl=en&rclk=1,Marvel Multispeciality Hospital,4.3,"-1,314",General hospital,·,"153, 1st Cross Rd",·,"153, 1st Cross Rd",Open 24 hours,·,080 4114 4999,http://www.marvelhospitals.in/,,Website,,Directions,,On-site services
https://www.google.com/maps/place/Apex+Multi+Speciality+Hospital/data=!4m7!3m6!1s0x3bae1900383e06b5:0xd70f0c44062ef3a0!8m2!3d13.115048!4d77.6340624!16s%2Fg%2F11wqjnwk6_!19sChIJtQY-OAAZrjsRoPMuBkQMD9c?authuser=0&hl=en&rclk=1,Apex Multi Speciality Hospital,4.5,-402,Hospital,·,"Bellahalli Main Road, near Reva University",·,"Bellahalli Main Road, near Reva University",Open 24 hours,·,082964 22571,http://apexmultispecialityhospitals.com/,,Website,,Directions,,On-site services
"https://www.google.com/maps/place/Ramakrishna+Hospital+-+Best+Hospital+in+Jayanagar,+Bangalore+%7C+Super+Speciality+Hospital+in+Bangalore/data=!4m7!3m6!1s0x3bae1596465487db:0x8f0201b87c89bc86!8m2!3d12.9364325!4d77.5832905!16s%2Fg%2F1tjym4f7!19sChIJ24dURpYVrjsRhryJfLgBAo8?authuser=0&hl=en&rclk=1","Ramakrishna Hospital - Best Hospital in Jayanagar, Bangalore | Super Speciality Hospital in Bangalore",4.2,"-1,056",General hospital,·,"24 & 26, 15th Cross Rd, near South End Circle",·,"24 & 26, 15th Cross Rd, near South End Circle",Open 24 hours,·,080678 00100,https://rkhealth.com/?utm_source=Organic&utm_campaign=rkhealth&utm_id=G-CJ883NF5GX&utm_term=Ramakrishna+Super+Specialty+Hospital+Bangalore,,Website,,Directions,,On-site services
https://www.google.com/maps/place/Victoria+Hospital/data=!4m7!3m6!1s0x3bae15e2d61081e7:0x6e7d0833b6fa721e!8m2!3d12.9643083!4d77.5754198!16zL20vMGYzNDJi!19sChIJ54EQ1uIVrjsRHnL6tjMIfW4?authuser=0&hl=en&rclk=1,Victoria Hospital,3.1,"-1,283",General hospital,·,"Mysore Rd, near City Market",·,"Mysore Rd, near City Market",Open 24 hours,·,080 2670 1150,https://victoriahospitalbangalore.org/,,Website,,Directions,,On-site services
"https://www.google.com/maps/place/HOSMAT+Hospital,+Magrath+Road/data=!4m7!3m6!1s0x3bae1681f62906a3:0xec3c6d9b2be43a08!8m2!3d12.9691194!4d77.6133651!16s%2Fm%2F01xlq7r!19sChIJowYp9oEWrjsRCDrkK5ttPOw?authuser=0&hl=en&rclk=1","HOSMAT Hospital, Magrath Road",4.3,"-2,408",Hospital,·,"45, Magrath Rd",·,"45, Magrath Rd",Open 24 hours,·,080 2559 3796,https://hosmathospitals.com/,,Website,,Directions,,On-site services
https://www.google.com/maps/place/Spurthy+Hospital/data=!4m7!3m6!1s0x3bae14559a0550cb:0xd34d84a4d288974e!8m2!3d12.9239013!4d77.6113542!16s%2Fg%2F1tf7k_jg!19sChIJy1AFmlUUrjsRTpeI0qSETdM?authuser=0&hl=en&rclk=1,Spurthy Hospital,4.7,"-2,261",General hospital,·,"Taverekere, 22, Chocolate Factory Rd",·,"Taverekere, 22, Chocolate Factory Rd",Open 24 hours,·,087622 97999,http://www.spurthyhospital.com/,,Website,,Directions,,On-site services
https://www.google.com/maps/place/Essential+Hospital/data=!4m7!3m6!1s0x3bae3c318748a2b3:0x536f6887641d9de4!8m2!3d12.9748198!4d77.5096173!16s%2Fg%2F124yjrwvv!19sChIJs6JIhzE8rjsR5J0dZIdob1M?authuser=0&hl=en&rclk=1,Essential Hospital,4.3,-667,General hospital,·,"Aladamara Papareddy Palya, Outer Ring Rd",·,"Aladamara Papareddy Palya, Outer Ring Rd",Open 24 hours,·,096866 88975,,,Directions,,,,"""Clean facilities, timely treatment, and clear communication."""
https://www.google.com/maps/place/Dhanashree+Multispeciality+Hospital+Chinchwad/data=!4m7!3m6!1s0x3bc2b82b0835d57d:0x4c81232b8dc31ce8!8m2!3d18.6590782!4d73.7978989!16s%2Fg%2F1tdvhmb_!19sChIJfdU1CCu4wjsR6BzDjSsjgUw?authuser=0&hl=en&rclk=1,Dhanashree Multispeciality Hospital Chinchwad,4.8,"-2,642",General hospital,·,"GP 66, Bharat Ratna Rajiv Gandhi Marg, opposite Kamal Nayan Bajaj School",·,"GP 66, Bharat Ratna Rajiv Gandhi Marg, opposite Kamal Nayan Bajaj School",Open,·,085540 99996,http://www.dhanashreehospital.com/,,Website,,Directions,,On-site services
"https://www.google.com/maps/place/LIFE+CARE+HOSPITAL-LCH,BTM+LAYOUT/data=!4m7!3m6!1s0x3bae14fed0457c3b:0xe67b86ca7491da59!8m2!3d12.9193552!4d77.6129992!16s%2Fg%2F1vcl266b!19sChIJO3xF0P4UrjsRWdqRdMqGe-Y?authuser=0&hl=en&rclk=1","LIFE CARE HOSPITAL-LCH,BTM LAYOUT",4.4,"-2,465",General hospital,·,"Gangothri circle, 23/24,new99, 20th Main Rd",·,"Gangothri circle, 23/24,new99, 20th Main Rd",Open 24 hours,·,080 2684 6677,https://lifecarehosp.com/,,Website,,Directions,,On-site services
https://www.google.com/maps/place/Anupama+Hospital/data=!4m7!3m6!1s0x3bae3c0d20b3670d:0x303f6d9ef6db0016!8m2!3d12.9832255!4d77.4787317!16s%2Fg%2F11cn775h3g!19sChIJDWezIA08rjsRFgDb9p5tPzA?authuser=0&hl=en&rclk=1,Anupama Hospital,4.7,"-3,607",General hospital,·,"72, CIIQ, Magadi Main Road, 3, 1st Cross 15th Main Rd, near karnataka bank",·,"72, CIIQ, Magadi Main Road, 3, 1st Cross 15th Main Rd, near karnataka bank",Open 24 hours,·,091488 27473,https://www.anupamahospital.in/,,Website,,Directions,,On-site services
https://www.google.com/maps/place/KOSHYS+MULTISPECIALITY+HOSPITAL/data=!4m7!3m6!1s0x3bae11fe769a4499:0x7fc97172210d40f1!8m2!3d13.0207398!4d77.6760744!16s%2Fg%2F11h7ssnb6g!19sChIJmUSadv4RrjsR8UANIXJxyX8?authuser=0&hl=en&rclk=1,KOSHYS MULTISPECIALITY HOSPITAL,4.2,"-3,163",Hospital,·,"Thambu Chetty Palya Road, Raghavendra nagar Ramamurthy nagar extension, 127, 7th Main Rd",·,"Thambu Chetty Palya Road, Raghavendra nagar Ramamurthy nagar extension, 127, 7th Main Rd",Open 24 hours,,,https://koshyshospital.com/,,Website,,Directions,,On-site services
https://www.google.com/maps/place/Medstar+Speciality+Hospital+-+Maternity+Hospital+%7C+Orthopedic+Hospital+%7C+Knee+Surgery+%7C+Joint+and+Hip+Replacement/data=!4m7!3m6!1s0x3bae18201fe1768d:0xede689ff5282b99a!8m2!3d13.0581795!4d77.5860555!16s%2Fg%2F11bzq3npr_!19sChIJjXbhHyAYrjsRmrmCUv-J5u0?authuser=0&hl=en&rclk=1,Medstar Speciality Hospital - Maternity Hospital | Orthopedic Hospital | Knee Surgery | Joint and Hip Replacement,4.4,"-1,538",General hospital,·,"641/17/1/3, 641/17, Kodigehalli Main Rd, opposite Chairman's Resorts",·,"641/17/1/3, 641/17, Kodigehalli Main Rd, opposite Chairman's Resorts",Open 24 hours,·,096119 34655,https://www.medstarhospital.in/,,Website,,Directions,,On-site services
https://www.google.com/maps/place/Church+of+South+India+Hospital/data=!4m7!3m6!1s0x3bae1660819a1245:0xdf3f07dfed71d2fc!8m2!3d12.9910548!4d77.6014781!16s%2Fg%2F1td689lq!19sChIJRRKagWAWrjsR_NJx7d8HP98?authuser=0&hl=en&rclk=1,Church of South India Hospital,3.9,-169,General hospital,·,"2, HKP Road",·,"2, HKP Road",Open 24 hours,·,080 2286 1103,https://www.csihospitalbangalore.org/,,Website,,Directions,,"""The reception at the entrance was very knowledgeable and professional ."""
https://www.google.com/maps/place/K+K+Hospital/data=!4m7!3m6!1s0x3bae185c1e1c1a37:0x3e1bb3fe6bfe2258!8m2!3d13.0971093!4d77.5893882!16s%2Fg%2F1tg7qgbt!19sChIJNxocHlwYrjsRWCL-a_6zGz4?authuser=0&hl=en&rclk=1,K K Hospital,4.1,-777,General hospital,·,"9, A, 1, 9th A Cross Rd, opposite M.E.C School",·,"9, A, 1, 9th A Cross Rd, opposite M.E.C School",Open 24 hours,,,,,Directions,,,,"""All doctors are treating very well, Good Nursing care, Friendly Front desk."""
https://www.google.com/maps/place/Zion+Hospitals/data=!4m7!3m6!1s0x3bae1720b7a9e383:0xf6f770757cd94676!8m2!3d13.0148885!4d77.6355593!16s%2Fg%2F1ty72qh9!19sChIJg-OptyAXrjsRdkbZfHVw9_Y?authuser=0&hl=en&rclk=1,Zion Hospitals,3.6,-812,General hospital,·,"83/1, 2nd Cross Road, Kammanahalli Main Rd, behind Doctors Diagnostic Centre",·,"83/1, 2nd Cross Road, Kammanahalli Main Rd, behind Doctors Diagnostic Centre",Open 24 hours,·,080 4351 8000,http://www.zionhospital.in/,,Website,,Directions,,On-site services
https://www.google.com/maps/place/Mai+Mangeshkar+Hospital/data=!4m7!3m6!1s0x3bc2bfd3f1a11a75:0x9fdcae213bf4462e!8m2!3d18.4851955!4d73.7997535!16s%2Fg%2F1vcl26jz!19sChIJdRqh8dO_wjsRLkb0OyGu3J8?authuser=0&hl=en&rclk=1,Mai Mangeshkar Hospital,3.8,-563,General hospital,·,"Mumbai - Bangalore Highway, Survey No. 117/1, Service Rd",·,"Mumbai - Bangalore Highway, Survey No. 117/1, Service Rd",Open 24 hours,·,020 4054 1000,http://maimangeshkar.com/,,Website,,Directions,,On-site services
"https://www.google.com/maps/place/HCG+Cancer+Hospital+-+%28Double+Road,+Bengaluru%29/data=!4m7!3m6!1s0x3bae15dbc9671c53:0x9a1464d70974ce0c!8m2!3d12.9604586!4d77.5927581!16s%2Fg%2F1pv1ct6j1!19sChIJUxxnydsVrjsRDM50CddkFJo?authuser=0&hl=en&rclk=1","HCG Cancer Hospital - (Double Road, Bengaluru)",4.6,"-1,372",Cancer treatment center,·,"No. 44 - 45/2 2nd Cross, Double Rd, off Lalbagh Road",·,"No. 44 - 45/2 2nd Cross, Double Rd, off Lalbagh Road",Open 24 hours,·,063588 88802,https://www.hcgoncology.com/cancer-centers/hcg-cancer-centre-double-road-bengaluru/,,Website,,Directions,,On-site services
https://www.google.com/maps/place/Sagar+Hospitals+%E2%80%93+Multispeciality+Hospital+Jayanagar/data=!4m7!3m6!1s0x3bae15aed36af035:0xe5759245267fbda3!8m2!3d12.9280141!4d77.5994766!16s%2Fg%2F12lpptklb!19sChIJNfBq064VrjsRo71_JkWSdeU?authuser=0&hl=en&rclk=1,Sagar Hospitals – Multispeciality Hospital Jayanagar,4.4,"-5,283",Hospital,·,"No.44/54, 30th Cross Rd",·,"No.44/54, 30th Cross Rd",Open 24 hours,·,080 6955 5555,https://www.sagarhospitals.in/,,Website,,Directions,,On-site services
https://www.google.com/maps/place/Bowring+and+Lady+Curzon+Hospital/data=!4m7!3m6!1s0x3bae1663b446cb89:0x2a8952c4f01fa407!8m2!3d12.9821629!4d77.6042677!16zL20vMGc1Mno2!19sChIJictGtGMWrjsRB6Qf8MRSiSo?authuser=0&hl=en&rclk=1,Bowring and Lady Curzon Hospital,3.2,-579,General hospital,·,"XJM3+HWM Bowring Medical Hospital, Lady Curzon Rd",·,"XJM3+HWM Bowring Medical Hospital, Lady Curzon Rd",Open 24 hours,·,084311 86388,,,Directions,,,,On-site services
https://www.google.com/maps/place/Sagar+Hospitals+-+Multispeciality+Hospital+Banashankri/data=!4m7!3m6!1s0x3bae157cd3aabb31:0xd9e9f4bad8d0d688!8m2!3d12.9081233!4d77.5649846!16s%2Fg%2F1vzv23nt!19sChIJMbuq03wVrjsRiNbQ2Lr06dk?authuser=0&hl=en&rclk=1,Sagar Hospitals - Multispeciality Hospital Banashankri,4.4,"-3,837",Hospital,·,"DSI, Banashankari, Shavige Malleshwara Hills, behind DSI campus",·,"DSI, Banashankari, Shavige Malleshwara Hills, behind DSI campus",Open 24 hours,·,080 6955 5555,https://www.sagarhospitals.in/,,Website,,Directions,,On-site services
https://www.google.com/maps/place/Chaya+Super+Speciality+Hospital/data=!4m7!3m6!1s0x3bae16d4926d210d:0xfd3bdf7223e544a3!8m2!3d13.0103699!4d77.6582587!16s%2Fg%2F1thk75gn!19sChIJDSFtktQWrjsRo0TlI3LfO_0?authuser=0&hl=en&rclk=1,Chaya Super Speciality Hospital,2.1,-354,General hospital,·,"6, B Channasandra Rd",·,"6, B Channasandra Rd",Open 24 hours,,,,,Directions,,,,
https://www.google.com/maps/place/Madhu+Super+Speciality+Hospital+And+Research+Centre/data=!4m7!3m6!1s0x3bae3d44b40dc13d:0x637bac91854c3dc9!8m2!3d12.97815!4d77.543381!16s%2Fg%2F11p0gtssj7!19sChIJPcENtEQ9rjsRyT1MhZGse2M?authuser=0&hl=en&rclk=1,Madhu Super Speciality Hospital And Research Centre,4.6,-586,Hospital,·,"54, Magadi Main Rd",·,"54, Magadi Main Rd",Open 24 hours,·,097415 40222,,,Directions,,,,On-site services
https://www.google.com/maps/place/Jayadev+Memorial+Rashtrotthana+Hospital+and+Research+Centre/data=!4m7!3m6!1s0x3bae3fbc0262558b:0xc42f8d9bb8a681dd!8m2!3d12.9089844!4d77.5135509!16s%2Fg%2F11s620c4_k!19sChIJi1ViArw_rjsR3YGmuJuNL8Q?authuser=0&hl=en&rclk=1,Jayadev Memorial Rashtrotthana Hospital and Research Centre,4.6,"-1,471",General hospital,·,WG57+JFF,·,WG57+JFF,Open 24 hours,·,080 6923 9999,https://www.rashtrotthanahospital.com/,,Website,,Directions,,On-site services
https://www.google.com/maps/place/Mallige+Hospital/data=!4m7!3m6!1s0x3bae16142b8d7fff:0x28d52520c417efe3!8m2!3d12.9852672!4d77.5802778!16s%2Fg%2F11ckqrvrmh!19sChIJ_3-NKxQWrjsR4-8XxCAl1Sg?authuser=0&hl=en&rclk=1,Mallige Hospital,3.9,-819,Private hospital,·,"31/32, Crescent Rd",·,"31/32, Crescent Rd",Open 24 hours,·,080671 65555,http://www.mallige.com/,,Website,,Directions,,On-site services
"https://www.google.com/maps/place/P+D+Hinduja+Sindhi+Hospital+%7C+Bengaluru,Karnataka/data=!4m7!3m6!1s0x3bae15d8e319913d:0x981f7d1f898b0c96!8m2!3d12.9644866!4d77.5926378!16s%2Fg%2F1tfblrf2!19sChIJPZEZ49gVrjsRlgyLiR99H5g?authuser=0&hl=en&rclk=1","P D Hinduja Sindhi Hospital | Bengaluru,Karnataka",3.7,-884,General hospital,·,"15/2, 12th Cross Rd",·,"15/2, 12th Cross Rd",Open 24 hours,·,080 4903 0303,https://hindujasindhihospital.com/,,Website,,Directions,,On-site services
https://www.google.com/maps/place/Manipal+Hospital+Malleshwaram+OP+Block/data=!4m7!3m6!1s0x3bae17a351df358b:0x211084b864fe5706!8m2!3d13.0035912!4d77.5655593!16s%2Fg%2F11w7kkp_9p!19sChIJizXfUaMXrjsRBlf-ZLiEECE?authuser=0&hl=en&rclk=1,Manipal Hospital Malleshwaram OP Block,4.7,"-1,798",General hospital,·,"8th Main Road, 5/2, 13th Cross Rd",·,"8th Main Road, 5/2, 13th Cross Rd",Closes soon,·,1800 102 4647,https://www.manipalhospitals.com/malleshwaram/?utm_source=Organic&utm_medium=GMB+Organic&utm_campaign=Malleshwaram+Northside+Hospital+GMB,,Website,,Directions,,On-site services
"https://www.google.com/maps/place/New+Life+Speciality+Hospital+%7C+Laparoscopic+General+Surgeon,+Orthopaedic,+Neurosurgeon,+Gynaecologist+%7C+Byrathi,+Bengaluru/data=!4m7!3m6!1s0x3bae1bd060c59ec5:0xc49ccd13f67a0f9c!8m2!3d13.0779944!4d77.653645!16s%2Fg%2F11vl9wzbpv!19sChIJxZ7FYNAbrjsRnA969hPNnMQ?authuser=0&hl=en&rclk=1","New Life Speciality Hospital | Laparoscopic General Surgeon, Orthopaedic, Neurosurgeon, Gynaecologist | Byrathi, Bengaluru",4.5,-80,Hospital,·,"No.33, New International Airport Road, Hennur Bagalur Main Rd",·,"No.33, New International Airport Road, Hennur Bagalur Main Rd",Open 24 hours,·,095358 58080,https://newlifehospitalhennur.com/,,Website,,Directions,,On-site services
https://www.google.com/maps/place/K.C.+General+Hospital/data=!4m7!3m6!1s0x3bae1624498c8b85:0xd95533c6e2c6bddb!8m2!3d12.9961428!4d77.569358!16s%2Fg%2F1tlbmlhh!19sChIJhYuMSSQWrjsR273G4sYzVdk?authuser=0&hl=en&rclk=1,K.C. General Hospital,3.2,-854,General hospital,·,"Ground, Malleswaram Circle, Police Station Rd",·,"Ground, Malleswaram Circle, Police Station Rd",Open 24 hours,·,080 2334 1771,,,Directions,,,,On-site services
https://www.google.com/maps/place/Athreya+Hospital/data=!4m7!3m6!1s0x3bae6dd65f435d73:0x507a714c9af971b5!8m2!3d12.7945268!4d77.706786!16s%2Fg%2F124yh5gg1!19sChIJc11DX9ZtrjsRtXH5mkxxelA?authuser=0&hl=en&rclk=1,Athreya Hospital,4.3,"-2,138",General hospital,·,"6/2, 6/2B, Anekal Main road, Chandapura, Anekal Main Road",·,"6/2, 6/2B, Anekal Main road, Chandapura, Anekal Main Road",Open 24 hours,·,093792 62265,https://athreyahospital.com/,,Website,,Directions,,On-site services
"https://www.google.com/maps/place/Aveksha+Hospitals,+MS+Palya/data=!4m7!3m6!1s0x3bae2294ec5d2ce5:0xec449c0bbed3eb67!8m2!3d13.0818183!4d77.5409144!16s%2Fg%2F12qfjhdg5!19sChIJ5Sxd7JQirjsRZ-vTvgucROw?authuser=0&hl=en&rclk=1","Aveksha Hospitals, MS Palya",4.7,"-6,778",General hospital,·,"Varadarajaswamy Layout, 122, M.S. Palya Rd",·,"Varadarajaswamy Layout, 122, M.S. Palya Rd",Open 24 hours,·,080 4727 7770,https://avekshahospital.com/,,Website,,Directions,,On-site services
https://www.google.com/maps/place/Apollo+Hospitals+-+Sarjapur+Road+%7C+Best+Hospital+in+Bengaluru/data=!4m7!3m6!1s0x3bae13a4a903d97d:0xc6bb5ef5f934ac4a!8m2!3d12.9012497!4d77.7087785!16s%2Fg%2F11qb8bnzqc!19sChIJfdkDqaQTrjsRSqw0-fVeu8Y?authuser=0&hl=en&rclk=1,Apollo Hospitals - Sarjapur Road | Best Hospital in Bengaluru,4.6,"-3,871",General hospital,·,"Opposite Decathlon, Sarjapur Road, Hobli","Opposite Decathlon, Sarjapur Road, Hobli",,,,080 6936 6936,https://www.apollohospitals.com/hospitals/sarjapur-road-bangalore,,Website,,Directions,,On-site services
https://www.google.com/maps/place/Springleaf+Hospital/data=!4m7!3m6!1s0x3bae6c840116aa25:0xa7aa6c6bf720d921!8m2!3d12.8525896!4d77.6675444!16s%2Fg%2F1tgz8t6k!19sChIJJaoWAYRsrjsRIdkg92tsqqc?authuser=0&hl=en&rclk=1,Springleaf Hospital,4.2,"-1,773",General hospital,·,"60/3, Hosur Rd, next to Union Bank",·,"60/3, Hosur Rd, next to Union Bank",Open 24 hours,·,074111 22444,https://www.springleaf-healthcare.com/,,Website,,Directions,,"""The hospital is well-maintained and clean."""
https://www.google.com/maps/place/Mediscope+Hospital/data=!4m7!3m6!1s0x3bae16fda9ede8e3:0x1befaa9bf77a3548!8m2!3d13.0111753!4d77.6162312!16s%2Fg%2F1tgwqq49!19sChIJ4-jtqf0WrjsRSDV695uq7xs?authuser=0&hl=en&rclk=1,Mediscope Hospital,4.3,-710,General hospital,·,"Mediscope Nursing Home, 11, 1st Cross Rd",·,"Mediscope Nursing Home, 11, 1st Cross Rd",Open 24 hours,·,080 2547 2757,,,Directions,,,,On-site services
https://www.google.com/maps/place/Rangadore+Memorial+Hospital/data=!4m7!3m6!1s0x3bae1592c0000001:0x92435e0cc1f579e1!8m2!3d12.9535139!4d77.5710434!16s%2Fg%2F1tdxnwwy!19sChIJAQAAwJIVrjsR4Xn1wQxeQ5I?authuser=0&hl=en&rclk=1,Rangadore Memorial Hospital,3.8,"-1,447",General hospital,·,1st Cross Rd,·,1st Cross Rd,Open 24 hours,·,080 2698 3300,https://rangadorememorialhospital.com/,,Website,,Directions,,On-site services
https://www.google.com/maps/place/Sri+Vinayaka+Hospital/data=!4m7!3m6!1s0x3bae3e70a7992d51:0xfe6221ef3a8eef32!8m2!3d12.9575163!4d77.5276716!16s%2Fg%2F1tmptf7j!19sChIJUS2Zp3A-rjsRMu-OOu8hYv4?authuser=0&hl=en&rclk=1,Sri Vinayaka Hospital,4.4,-254,General hospital,·,"Vijayanagar, 1222, 80 Feet Rd, near Ganesha Temple",·,"Vijayanagar, 1222, 80 Feet Rd, near Ganesha Temple",Open 24 hours,·,080 2339 8062,,,Directions,,,,"""The hospital is well-maintained with great cleanliness and hygiene."""
https://www.google.com/maps/place/Sapthagiri+Hospital/data=!4m7!3m6!1s0x3bae2324ca579629:0xa6f9716812cb8b11!8m2!3d13.0706389!4d77.5024795!16s%2Fg%2F1thk_90p!19sChIJKZZXyiQjrjsREYvLEmhx-aY?authuser=0&hl=en&rclk=1,Sapthagiri Hospital,3.3,"-1,410",General hospital,·,"15, Hesarghatta Rd",·,"15, Hesarghatta Rd",Open 24 hours,·,080 2839 3393,,,Directions,,,,On-site services
https://www.google.com/maps/place/Jayadeva+Hospital+Bengaluru/data=!4m7!3m6!1s0x3bae16773e7dc413:0x350240386002607b!8m2!3d12.9178903!4d77.5992075!16s%2Fm%2F02q96m6!19sChIJE8R9PncWrjsRe2ACYDhAAjU?authuser=0&hl=en&rclk=1,Jayadeva Hospital Bengaluru,3.9,"-1,732",Heart hospital,·,"B T M I stage, B-8, Marenahalli Rd",·,"B T M I stage, B-8, Marenahalli Rd",Open 24 hours,·,080 2297 7400,http://www.jayadevacardiology.com/,,Website,,Directions,,On-site services
https://www.google.com/maps/place/Sri+Sairam+Hospital+-+BTM+Layout/data=!4m7!3m6!1s0x3bae15045b5a68fb:0x651d3761721d9a6f!8m2!3d12.914413!4d77.6002987!16s%2Fg%2F1td9tk5l!19sChIJ-2haWwQVrjsRb5odcmE3HWU?authuser=0&hl=en&rclk=1,Sri Sairam Hospital - BTM Layout,4.2,-637,General hospital,·,"33, Bannerghatta Main Rd",·,"33, Bannerghatta Main Rd",Open 24 hours,·,079751 42707,https://srisairamhospitals.com/,,Website,,Directions,,"""Excellent staff , well maintained hygiene hospital."""
https://www.google.com/maps/place/Bangalore+Orthopaedic+And+Surgical+Hospital/data=!4m7!3m6!1s0x3bae1725b34e1d65:0x7807714d1478bc61!8m2!3d13.0219049!4d77.6385891!16s%2Fg%2F11g69h8h25!19sChIJZR1OsyUXrjsRYbx4FE1xB3g?authuser=0&hl=en&rclk=1,Bangalore Orthopaedic And Surgical Hospital,4.5,-611,General hospital,·,"2J9R+X68, 426, CMR Main Rd, 3rd Cross Rd",·,"2J9R+X68, 426, CMR Main Rd, 3rd Cross Rd",Open 24 hours,·,080 4633 3444,http://www.boshospitals.com/,,Website,,Directions,,On-site services
https://www.google.com/maps/place/DG+Hospital/data=!4m7!3m6!1s0x3bae3fd5075e67cb:0xebcdded754735fc!8m2!3d12.9206598!4d77.5598165!16s%2Fg%2F1td1sx0z!19sChIJy2deB9U_rjsR_DVHde3dvA4?authuser=0&hl=en&rclk=1,DG Hospital,4.1,-327,General hospital,·,"274/275, Puttalingiah Rd",·,"274/275, Puttalingiah Rd",Open 24 hours,,,,,Directions,,,,"""Nursing care very professional and all nurses are very friendly."""
https://www.google.com/maps/place/RR+multispeciality+hospital/data=!4m7!3m6!1s0x3bae3d34ac611d25:0x3080ca616110071a!8m2!3d12.9802535!4d77.5371517!16s%2Fg%2F11qzph12t7!19sChIJJR1hrDQ9rjsRGgcQYWHKgDA?authuser=0&hl=en&rclk=1,RR multispeciality hospital,4.3,-186,Hospital,·,"Magadi main road 11/1 old no 40, b block, KHB Colony",·,"Magadi main road 11/1 old no 40, b block, KHB Colony",Open 24 hours,·,095385 38777,,,Directions,,,,"""Matured Doctors, Nice hospitality .."""
https://www.google.com/maps/place/Mamatha+Hospital/data=!4m7!3m6!1s0x3bae15a400000001:0x5d530017e7b8ec71!8m2!3d12.920466!4d77.592335!16s%2Fg%2F1tdpdmt2!19sChIJAQAAAKQVrjsRcey45xcAU10?authuser=0&hl=en&rclk=1,Mamatha Hospital,3,-115,General hospital,·,"No. 1539, 39th Cross Rd",·,"No. 1539, 39th Cross Rd",Open,·,080 2244 1211,,,Directions,,,,"""Awesome services n friendly staff n emphatic doctors"""
"https://www.google.com/maps/place/Apollo+Cradle+%26+Children%27s+Hospital+in+Jayanagar,+Bengaluru/data=!4m7!3m6!1s0x3bae1574a3cac983:0xea523493e02e8cad!8m2!3d12.9169375!4d77.5851875!16s%2Fg%2F1hhkj2dt1!19sChIJg8nKo3QVrjsRrYwu4JM0Uuo?authuser=0&hl=en&rclk=1","Apollo Cradle & Children's Hospital in Jayanagar, Bengaluru",4.7,"-6,672",Maternity Centre,·,WH8P+Q39,·,WH8P+Q39,Open 24 hours,·,098216 56657,https://www.apollocradle.com/bengaluru/jayanagar/our-hospitals/maternity-hospital-in-jayanagar,,Website,,Directions,,On-site services
https://www.google.com/maps/place/Chaitanya+Hospital+%28NABH+Accredited%29/data=!4m7!3m6!1s0x3bae17ba9c73e661:0x3bf67bebb7a89b52!8m2!3d13.0240936!4d77.5943159!16s%2Fg%2F1tdz380h!19sChIJYeZznLoXrjsRUpuot-t79js?authuser=0&hl=en&rclk=1,Chaitanya Hospital (NABH Accredited),3.5,-279,Hospital,·,"2nd block, 116, 3rd Cross Rd",·,"2nd block, 116, 3rd Cross Rd",Open 24 hours,·,098440 32989,,,Directions,,,,"""The treatment and surgery went well and the staff was supportive."""
https://www.google.com/maps/place/BMS+Hospital/data=!4m7!3m6!1s0x3bae158b5de77713:0x5b3a6891156b90ae!8m2!3d12.9412763!4d77.5675884!16s%2Fg%2F1tgllbjp!19sChIJE3fnXYsVrjsRrpBrFZFoOls?authuser=0&hl=en&rclk=1,BMS Hospital,4.2,-530,General hospital,·,"Sri Mallikarjuna Swamy, No 618, Sri Mallikarjuna Sw, 618, Mallikarjuna Temple St",·,"Sri Mallikarjuna Swamy, No 618, Sri Mallikarjuna Sw, 618, Mallikarjuna Temple St",Open 24 hours,,,https://bmshospital.com/,,Website,,Directions,,On-site services
https://www.google.com/maps/place/Shirdi+Sai+Hospital/data=!4m7!3m6!1s0x3bae17e10becab93:0xd82ee96990d79a81!8m2!3d13.037254!4d77.564932!16s%2Fg%2F1tdwt3bm!19sChIJk6vsC-EXrjsRgZrXkGnpLtg?authuser=0&hl=en&rclk=1,Shirdi Sai Hospital,4,-471,General hospital,·,"519, 2nd Main, Nethravathi Street, New BEL Rd, opp. SLK Software",·,"519, 2nd Main, Nethravathi Street, New BEL Rd, opp. SLK Software",Open 24 hours,·,080 4271 9999,https://shirdisaihospitalpvtltd.com/,,Website,,Directions,,On-site services
https://www.google.com/maps/place/Navachethana+Hospital/data=!4m7!3m6!1s0x3bae1887c0a00cc7:0xb924fa6d976ce5d8!8m2!3d13.1037608!4d77.5837306!16s%2Fg%2F11b5yvd3sr!19sChIJxwygwIcYrjsR2OVsl236JLk?authuser=0&hl=en&rclk=1,Navachethana Hospital,4.1,"-1,833",General hospital,·,"17/A2, 3rd B Cross Road, Opposite RWF Rail Wheel Factory GM Admin Office",·,"17/A2, 3rd B Cross Road, Opposite RWF Rail Wheel Factory GM Admin Office",Open 24 hours,·,098809 25495,http://www.navachethanahospital.com/,,Website,,Directions,,On-site services
https://www.google.com/maps/place/Chaitanya+Hospital+%28NABH+Accredited%29/data=!4m7!3m6!1s0x3bae17ba9c73e661:0x3bf67bebb7a89b52!8m2!3d13.0240936!4d77.5943159!16s%2Fg%2F1tdz380h!19sChIJYeZznLoXrjsRUpuot-t79js?authuser=0&hl=en&rclk=1,Chaitanya Hospital (NABH Accredited),3.5,-279,Hospital,·,"2nd block, 116, 3rd Cross Rd",·,"2nd block, 116, 3rd Cross Rd",Open 24 hours,·,098440 32989,https://bmshospital.com/,,Directions,,Website,,"""The treatment and surgery went well and the staff was supportive."""
https://www.google.com/maps/place/Navachethana+Hospital/data=!4m7!3m6!1s0x3bae1887c0a00cc7:0xb924fa6d976ce5d8!8m2!3d13.1037608!4d77.5837306!16s%2Fg%2F11b5yvd3sr!19sChIJxwygwIcYrjsR2OVsl236JLk?authuser=0&hl=en&rclk=1,Navachethana Hospital,4.1,"-1,833",General hospital,·,"17/A2, 3rd B Cross Road, Opposite RWF Rail Wheel Factory GM Admin Office",·,"17/A2, 3rd B Cross Road, Opposite RWF Rail Wheel Factory GM Admin Office",Open 24 hours,·,098809 25495,https://www.google.com/aclk?sa=L&ai=DChsSEwjB7fq6-r2UAxV8vKYDHeLHIoAYACICCAEQBRoCdGI&co=1&ase=2&gclid=CjwKCAjwq6DQBhBVEiwA4ZD5XBz3HevKcuj8UEpnV1leSJU--XdMAlJlKfpEKYUs3mqBBk2c1TDvGxoC2pcQAvD_BwE&cid=CAAS0wHkaInfGXbPFKTwepGkLlNZWFVuBX5-ONCBu5yPw45_R18crFP9ZSATGZOYJ42d68M1wfyFCBGpPThm6V7ft78wA7foYigGpsspE1HJwmnfdV0VMIeSfbBpHGPNI7IJ07JS45tcdXnU2iMqc1Qg7T9GcP5hTa7jUPr1zJTmaG061DlDy6yxAw-qL_CicYK0oq6zGGA3BpWFBYhtS2ii4hEiuIvKFU0JzHnKso_gdYm9x1qwG1vZjkc0XJAQYsbYgOBUzugc8802_pFCe83_lqG4sUNp&cce=2&category=acrcp_v1_32&sig=AOD64_0kHv3zZtKOjA_VGImtqfZ02u4uVg&adurl&q&ctype=99&nis=6,,Website,,Directions,,On-site services
https://www.google.com/maps/place/Eskay+Healthcare/data=!4m7!3m6!1s0x3bae22d644938a9d:0x232247f1217eb7f3!8m2!3d13.0614634!4d77.5180124!16s%2Fg%2F1tftjnfs!19sChIJnYqTRNYirjsR87d-IfFHIiM?authuser=0&hl=en&rclk=1,Eskay Healthcare,4.3,-980,General hospital,·,"274, 3rd Cross St",·,"274, 3rd Cross St",Open 24 hours,·,099866 64560,http://www.eskayhospital.com/,,Website,,Directions,,On-site services
https://www.google.com/maps/place/Gayathri+Hospital+Pvt+Ltd/data=!4m7!3m6!1s0x3bae3de64253bf39:0xdffe0cb91ae6f4e2!8m2!3d12.9743735!4d77.5426768!16s%2Fg%2F1tg7qgct!19sChIJOb9TQuY9rjsR4vTmGrkM_t8?authuser=0&hl=en&rclk=1,Gayathri Hospital Pvt Ltd,4.2,-588,General hospital,·,"Magadi, 91, Chord Rd",·,"Magadi, 91, Chord Rd",Open 24 hours,·,080 2335 2085,https://gayathrihospital.co.in/,,Website,,Directions,,"""The hospital is very well maintained and hygienic for all purposes."""
https://www.google.com/maps/place/Vinayaka+Hospital/data=!4m7!3m6!1s0x3bae3e232e564693:0x256c930a623ae0c1!8m2!3d12.9375195!4d77.5494996!16s%2Fg%2F1tj1qj87!19sChIJk0ZWLiM-rjsRweA6YgqTbCU?authuser=0&hl=en&rclk=1,Vinayaka Hospital,4.3,"-1,024",General hospital,·,"State Bank Of Mysore Colony, 110, 80 Feet Rd",·,"State Bank Of Mysore Colony, 110, 80 Feet Rd",Open 24 hours,·,080 2679 4148,,,Directions,,,,On-site services
https://www.google.com/maps/place/The+Venlakh+Hospital/data=!4m7!3m6!1s0x3bae15f8f884ae3f:0x6d2cf03bd708ee7b!8m2!3d12.957193!4d77.5643203!16s%2Fg%2F1v3hyf2l!19sChIJP66E-PgVrjsRe-4I1zvwLG0?authuser=0&hl=en&rclk=1,The Venlakh Hospital,3.8,-94,General hospital,·,"#123, 5th Main Rd",·,"#123, 5th Main Rd",Open 24 hours,·,086182 59484,https://thevenlakhhospital.com/,,Website,,Directions,,"""The hospital has an excellent team of doctors, surgeons and support staff."""
https://www.google.com/maps/place/Raksha+Multi+Speciality+Hospital/data=!4m7!3m6!1s0x3bae3d72f63af877:0xe6524a8ed612c62f!8m2!3d13.0199385!4d77.5411619!16s%2Fg%2F1tf63y45!19sChIJd_g69nI9rjsRL8YS1o5KUuY?authuser=0&hl=en&rclk=1,Raksha Multi Speciality Hospital,4,-201,General hospital,·,"141, 142, 1st Cross Rd",·,"141, 142, 1st Cross Rd",Open 24 hours,·,080 2347 1005,,,Directions,,,,"""Doctors are humble and efficient, staff nurse very efficient."""
https://www.google.com/maps/place/Sri+Krishna+Sevashrama+Hospital/data=!4m7!3m6!1s0x3bae15a1e101a141:0xcb02b06a2fbeff64!8m2!3d12.9173442!4d77.5851088!16s%2Fg%2F1tdz37y7!19sChIJQaEB4aEVrjsRZP--L2qwAss?authuser=0&hl=en&rclk=1,Sri Krishna Sevashrama Hospital,3.7,-603,General hospital,·,"45th, Cross, 523, 10th Main Rd",·,"45th, Cross, 523, 10th Main Rd",Open 24 hours,·,080 4534 0000,https://www.srikrishnasevashrama.com/,,Website,,Directions,,On-site services
https://www.google.com/maps/place/Apple+Hospital/data=!4m7!3m6!1s0x3bae188ac0cfd20d:0x1e9447cf0e60d20e!8m2!3d13.1038799!4d77.5837694!16s%2Fg%2F11g63kbmdd!19sChIJDdLPwIoYrjsRDtJgDs9HlB4?authuser=0&hl=en&rclk=1,Apple Hospital,3.9,-352,General hospital,·,SH 9,·,SH 9,Open 24 hours,·,077603 50111,,,Directions,,,,On-site services
https://www.google.com/maps/place/PRASHANTH+MULTISPECIALITY+HOSPITAL/data=!4m7!3m6!1s0x3bae14ec823d7ce9:0xa4a7c82f41f9ba6!8m2!3d12.9065634!4d77.6287203!16s%2Fg%2F1tdnjkd_!19sChIJ6Xw9guwUrjsRppsf9IJ8Sgo?authuser=0&hl=en&rclk=1,PRASHANTH MULTISPECIALITY HOSPITAL,3.8,-893,General hospital,·,"90/D, Hosur Rd",·,"90/D, Hosur Rd",Open 24 hours,·,080 4150 3714,http://www.prashanthhospital.co.in/,,Website,,Directions,,On-site services
https://www.google.com/maps/place/GVG+Invivo+Hospital/data=!4m7!3m6!1s0x3bae1546a398edaf:0x797ddcdfb77bf4b7!8m2!3d12.8918617!4d77.5797354!16s%2Fg%2F1v6wmrqn!19sChIJr-2Yo0YVrjsRt_R7t9_cfXk?authuser=0&hl=en&rclk=1,GVG Invivo Hospital,4.7,-644,General hospital,·,"647, 5th Main Rd",·,"647, 5th Main Rd",Open 24 hours,·,081236 00600,https://invivohospitals.com/,,Website,,Directions,,On-site services
https://www.google.com/maps/place/Divakars+Speciality+Hospital+-+women%E2%80%99s+healthcare+before+during+and+beyond+pregnancy/data=!4m7!3m6!1s0x3bae150c55555555:0xd8143878dca18b3b!8m2!3d12.9100276!4d77.5924611!16s%2Fg%2F1tcvs8w1!19sChIJVVVVVQwVrjsRO4uh3Hg4FNg?authuser=0&hl=en&rclk=1,Divakars Speciality Hospital - women’s healthcare before during and beyond pregnancy,4.7,"-1,275",Pregnancy care center,·,"220, 9th Cross Rd, next to Nilgiris",·,"220, 9th Cross Rd, next to Nilgiris",Open 24 hours,·,080 4085 3500,http://www.divakarshospital.com/,,Website,,Directions,,On-site services
https://www.google.com/maps/place/Divine+Speciality+Hospital/data=!4m7!3m6!1s0x3bae165925555555:0x6b9ffd6502b684b6!8m2!3d13.0039036!4d77.6039635!16s%2Fg%2F1td1n9s9!19sChIJVVVVJVkWrjsRtoS2AmX9n2s?authuser=0&hl=en&rclk=1,Divine Speciality Hospital,4.2,-298,General hospital,·,"110, 6th Main Road, I T I Layout Rd",·,"110, 6th Main Road, I T I Layout Rd",Open 24 hours,·,080881 51561,https://divinespecialityhospital.com/,,Website,,Directions,,On-site services
https://www.google.com/maps/place/Vijayashree+Hospitals/data=!4m7!3m6!1s0x3bae6ac16cc815c5:0xd7d828e367096ae8!8m2!3d12.8578458!4d77.589331!16s%2Fg%2F119tt2wrh!19sChIJxRXIbMFqrjsR6GoJZ-Mo2Nc?authuser=0&hl=en&rclk=1,Vijayashree Hospitals,3.3,-408,General hospital,·,"VH5Q+4PV, No.3, Bannerghatta Rd, near Dr. RML College of Law Annex",·,"VH5Q+4PV, No.3, Bannerghatta Rd, near Dr. RML College of Law Annex",Open 24 hours,·,096868 25522,http://www.vijayashreehospitals.org/,,Website,,Directions,,On-site services
https://www.google.com/maps/place/S.S.G+HOSPITAL/data=!4m7!3m6!1s0x3bae3c6cd9adf681:0xae35fd7f2420cb51!8m2!3d12.9867529!4d77.4796212!16s%2Fg%2F1ydxc45jl!19sChIJgfat2Ww8rjsRUcsgJH_9Na4?authuser=0&hl=en&rclk=1,S.S.G HOSPITAL,4.6,-256,General hospital,·,"2nd, 171, Main, Magadi Main Rd, behind Shell Petrol Pump",·,"2nd, 171, Main, Magadi Main Rd, behind Shell Petrol Pump",Open 24 hours,·,097395 33233,,,Directions,,,,"""The hospital was clean, well-organized, and the facilities were top-notch."""
https://www.google.com/maps/place/Unity+Lifeline+Hospital+India+Private+Limited/data=!4m7!3m6!1s0x3bae3c34248865c1:0x2a412f0c4650f8f5!8m2!3d12.9819005!4d77.5108967!16s%2Fg%2F1tfvrdcx!19sChIJwWWIJDQ8rjsR9fhQRgwvQSo?authuser=0&hl=en&rclk=1,Unity Lifeline Hospital India Private Limited,3.9,-907,General hospital,·,Outer Ring Rd,·,Outer Ring Rd,Open 24 hours,·,099000 31831,,,Directions,,,,On-site services
https://www.google.com/maps/place/Aditya+Multi+Speciality+Hospital/data=!4m7!3m6!1s0x3bae1137e74e6303:0xc68a2777dd230212!8m2!3d12.9934959!4d77.6636895!16s%2Fg%2F11spp2cjbx!19sChIJA2NO5zcRrjsREgIj3XcnisY?authuser=0&hl=en&rclk=1,Aditya Multi Speciality Hospital,4.8,-87,General hospital,·,Nagavarapalya Main Rd,·,Nagavarapalya Main Rd,Open,·,082178 45776,,,Directions,,,,On-site services
"https://www.google.com/maps/place/HCG+Cancer+Hospital+-+%28K.+R.+Road,+Bengaluru%29/data=!4m7!3m6!1s0x3bae167611337575:0x55d27f229db2cf66!8m2!3d12.9637152!4d77.5896352!16s%2Fg%2F1tddw64f!19sChIJdXUzEXYWrjsRZs-ynSJ_0lU?authuser=0&hl=en&rclk=1","HCG Cancer Hospital - (K. R. Road, Bengaluru)",4.7,"-7,462",Hospital,·,"No 8, HCG Towers, P, Kalinga Rao Rd",·,"No 8, HCG Towers, P, Kalinga Rao Rd",Open 24 hours,·,080 4020 6000,https://www.hcgoncology.com/cancer-centers/hcg-cancer-centre-k-r-road-bengaluru/,,Website,,Directions,,On-site services
https://www.google.com/maps/place/Even+Hospitals/data=!4m7!3m6!1s0x3bae1700771b6919:0x4d909863cb3822f7!8m2!3d12.9842075!4d77.5792231!16s%2Fg%2F11m5jcj5yt!19sChIJGWkbdwAXrjsR9yI4y2OYkE0?authuser=0&hl=en&rclk=1,Even Hospitals,4.8,-338,General hospital,·,"No. 28, D. Devaraj Urs Road, Race Course Rd",·,"No. 28, D. Devaraj Urs Road, Race Course Rd",Open 24 hours,·,080 4749 5555,https://hospitals.even.in/?utm_source=GBP&utm_medium=websitelink&utm_campaign=hospitalmain&utm_id=organic&utm_term=Hospital01&utm_content=5524980880622921738,,Website,,Directions,,"""The hospital is very hygienic, well-maintained, and super clean."""
https://www.google.com/maps/place/Vanivilas+Hospital/data=!4m7!3m6!1s0x3bae15e34e311e51:0x3801142368cdfdb!8m2!3d12.9614477!4d77.5740093!16zL20vMGR6cl9x!19sChIJUR4xTuMVrjsR29-MNkIRgAM?authuser=0&hl=en&rclk=1,Vanivilas Hospital,3.4,-811,General hospital,·,"Victoria Hospital Compound, Sultan Rd",·,"Victoria Hospital Compound, Sultan Rd",Open 24 hours,·,098869 31261,https://vvhbmcri.karnataka.gov.in/english,,Website,,Directions,,On-site services
https://www.google.com/maps/place/Shreya+Hospital/data=!4m7!3m6!1s0x3bae3ed992e3e72f:0xef5d97a415adac73!8m2!3d12.9214569!4d77.4832376!16s%2Fg%2F1txc5h0x!19sChIJL-fjktk-rjsRc6ytFaSXXe8?authuser=0&hl=en&rclk=1,Shreya Hospital,4,-832,General hospital,·,"73&74, 6th Cross Road, 3rd Main Rd",·,"73&74, 6th Cross Road, 3rd Main Rd",Open 24 hours,·,090350 77951,,,Directions,,,,On-site services
https://www.google.com/maps/place/Maruthi+Hospitals/data=!4m7!3m6!1s0x3bae3de0f8f9ff7d:0xa1cfcf4d408779e7!8m2!3d12.9677093!4d77.541313!16s%2Fg%2F1jkwm6gym!19sChIJff_5-OA9rjsR53mHQE3Pz6E?authuser=0&hl=en&rclk=1,Maruthi Hospitals,3.2,-408,General hospital,·,"27-A, 2374/26,Platinum Plaza, Club Road, Vijayanagar,Bangalore, 27-A, 8th Cross Rd",·,"27-A, 2374/26,Platinum Plaza, Club Road, Vijayanagar,Bangalore, 27-A, 8th Cross Rd",Open 24 hours,·,080 2335 1777,http://www.maruthihospitals.com/,,Website,,Directions,,On-site services
https://www.google.com/maps/place/Raksha+Multi+Speciality+Hospital/data=!4m7!3m6!1s0x3bae3d72f63af877:0xe6524a8ed612c62f!8m2!3d13.0199385!4d77.5411619!16s%2Fg%2F1tf63y45!19sChIJd_g69nI9rjsRL8YS1o5KUuY?authuser=0&hl=en&rclk=1,Raksha Multi Speciality Hospital,4,-201,General hospital,·,"141, 142, 1st Cross Rd",·,"141, 142, 1st Cross Rd",Open 24 hours,·,080 2347 1005,https://www.srikrishnasevashrama.com/,,Directions,,Website,,On-site services
https://www.google.com/maps/place/Sri+Krishna+Sevashrama+Hospital/data=!4m7!3m6!1s0x3bae15a1e101a141:0xcb02b06a2fbeff64!8m2!3d12.9173442!4d77.5851088!16s%2Fg%2F1tdz37y7!19sChIJQaEB4aEVrjsRZP--L2qwAss?authuser=0&hl=en&rclk=1,Sri Krishna Sevashrama Hospital,3.7,-603,General hospital,·,"45th, Cross, 523, 10th Main Rd",·,"45th, Cross, 523, 10th Main Rd",Open 24 hours,·,080 4534 0000,,,,,Directions,,On-site services
https://www.google.com/maps/place/Apple+Hospital/data=!4m7!3m6!1s0x3bae188ac0cfd20d:0x1e9447cf0e60d20e!8m2!3d13.1038799!4d77.5837694!16s%2Fg%2F11g63kbmdd!19sChIJDdLPwIoYrjsRDtJgDs9HlB4?authuser=0&hl=en&rclk=1,Apple Hospital,3.9,-352,General hospital,·,SH 9,·,SH 9,Open 24 hours,·,077603 50111,http://www.prashanthhospital.co.in/,,Directions,,Website,,On-site services
https://www.google.com/maps/place/PRASHANTH+MULTISPECIALITY+HOSPITAL/data=!4m7!3m6!1s0x3bae14ec823d7ce9:0xa4a7c82f41f9ba6!8m2!3d12.9065634!4d77.6287203!16s%2Fg%2F1tdnjkd_!19sChIJ6Xw9guwUrjsRppsf9IJ8Sgo?authuser=0&hl=en&rclk=1,PRASHANTH MULTISPECIALITY HOSPITAL,3.8,-893,General hospital,·,"90/D, Hosur Rd",·,"90/D, Hosur Rd",Open 24 hours,·,080 4150 3714,http://www.prashanthhospital.co.in/,,Website,,Directions,,On-site services
https://www.google.com/maps/place/GVG+Invivo+Hospital/data=!4m7!3m6!1s0x3bae1546a398edaf:0x797ddcdfb77bf4b7!8m2!3d12.8918617!4d77.5797354!16s%2Fg%2F1v6wmrqn!19sChIJr-2Yo0YVrjsRt_R7t9_cfXk?authuser=0&hl=en&rclk=1,GVG Invivo Hospital,4.7,-644,General hospital,·,"647, 5th Main Rd",·,"647, 5th Main Rd",Open 24 hours,·,081236 00600,https://invivohospitals.com/,,Website,,Directions,,On-site services
https://www.google.com/maps/place/Vijayashree+Hospitals/data=!4m7!3m6!1s0x3bae6ac16cc815c5:0xd7d828e367096ae8!8m2!3d12.8578458!4d77.589331!16s%2Fg%2F119tt2wrh!19sChIJxRXIbMFqrjsR6GoJZ-Mo2Nc?authuser=0&hl=en&rclk=1,Vijayashree Hospitals,3.3,-408,General hospital,·,"VH5Q+4PV, No.3, Bannerghatta Rd, near Dr. RML College of Law Annex",·,"VH5Q+4PV, No.3, Bannerghatta Rd, near Dr. RML College of Law Annex",Open 24 hours,·,096868 25522,,,,,Directions,,On-site services
https://www.google.com/maps/place/S.S.G+HOSPITAL/data=!4m7!3m6!1s0x3bae3c6cd9adf681:0xae35fd7f2420cb51!8m2!3d12.9867529!4d77.4796212!16s%2Fg%2F1ydxc45jl!19sChIJgfat2Ww8rjsRUcsgJH_9Na4?authuser=0&hl=en&rclk=1,S.S.G HOSPITAL,4.6,-256,General hospital,·,"2nd, 171, Main, Magadi Main Rd, behind Shell Petrol Pump",·,"2nd, 171, Main, Magadi Main Rd, behind Shell Petrol Pump",Open 24 hours,·,097395 33233,,,Directions,,,,"""The hospital was clean, well-organized, and the facilities were top-notch."""
https://www.google.com/maps/place/Unity+Lifeline+Hospital+India+Private+Limited/data=!4m7!3m6!1s0x3bae3c34248865c1:0x2a412f0c4650f8f5!8m2!3d12.9819005!4d77.5108967!16s%2Fg%2F1tfvrdcx!19sChIJwWWIJDQ8rjsR9fhQRgwvQSo?authuser=0&hl=en&rclk=1,Unity Lifeline Hospital India Private Limited,3.9,-907,General hospital,·,Outer Ring Rd,·,Outer Ring Rd,Open 24 hours,·,099000 31831,,,Directions,,,,On-site services
https://www.google.com/maps/place/Aditya+Multi+Speciality+Hospital/data=!4m7!3m6!1s0x3bae1137e74e6303:0xc68a2777dd230212!8m2!3d12.9934959!4d77.6636895!16s%2Fg%2F11spp2cjbx!19sChIJA2NO5zcRrjsREgIj3XcnisY?authuser=0&hl=en&rclk=1,Aditya Multi Speciality Hospital,4.8,-87,General hospital,·,Nagavarapalya Main Rd,·,Nagavarapalya Main Rd,Open,·,082178 45776,https://www.hcgoncology.com/cancer-centers/hcg-cancer-centre-k-r-road-bengaluru/,,Directions,,Website,,On-site services
"https://www.google.com/maps/place/HCG+Cancer+Hospital+-+%28K.+R.+Road,+Bengaluru%29/data=!4m7!3m6!1s0x3bae167611337575:0x55d27f229db2cf66!8m2!3d12.9637152!4d77.5896352!16s%2Fg%2F1tddw64f!19sChIJdXUzEXYWrjsRZs-ynSJ_0lU?authuser=0&hl=en&rclk=1","HCG Cancer Hospital - (K. R. Road, Bengaluru)",4.7,"-7,462",Hospital,·,"No 8, HCG Towers, P, Kalinga Rao Rd",·,"No 8, HCG Towers, P, Kalinga Rao Rd",Open 24 hours,·,080 4020 6000,https://www.hcgoncology.com/cancer-centers/hcg-cancer-centre-k-r-road-bengaluru/,,Website,,Directions,,On-site services
https://www.google.com/maps/place/Vanivilas+Hospital/data=!4m7!3m6!1s0x3bae15e34e311e51:0x3801142368cdfdb!8m2!3d12.9614477!4d77.5740093!16zL20vMGR6cl9x!19sChIJUR4xTuMVrjsR29-MNkIRgAM?authuser=0&hl=en&rclk=1,Vanivilas Hospital,3.4,-811,General hospital,·,"Victoria Hospital Compound, Sultan Rd",·,"Victoria Hospital Compound, Sultan Rd",Open 24 hours,·,098869 31261,,,,,Directions,,On-site services
https://www.google.com/maps/place/Shreya+Hospital/data=!4m7!3m6!1s0x3bae3ed992e3e72f:0xef5d97a415adac73!8m2!3d12.9214569!4d77.4832376!16s%2Fg%2F1txc5h0x!19sChIJL-fjktk-rjsRc6ytFaSXXe8?authuser=0&hl=en&rclk=1,Shreya Hospital,4,-832,General hospital,·,"73&74, 6th Cross Road, 3rd Main Rd",·,"73&74, 6th Cross Road, 3rd Main Rd",Open 24 hours,·,090350 77951,http://www.maruthihospitals.com/,,Directions,,Website,,On-site services
https://www.google.com/maps/place/Maruthi+Hospitals/data=!4m7!3m6!1s0x3bae3de0f8f9ff7d:0xa1cfcf4d408779e7!8m2!3d12.9677093!4d77.541313!16s%2Fg%2F1jkwm6gym!19sChIJff_5-OA9rjsR53mHQE3Pz6E?authuser=0&hl=en&rclk=1,Maruthi Hospitals,3.2,-408,General hospital,·,"27-A, 2374/26,Platinum Plaza, Club Road, Vijayanagar,Bangalore, 27-A, 8th Cross Rd",·,"27-A, 2374/26,Platinum Plaza, Club Road, Vijayanagar,Bangalore, 27-A, 8th Cross Rd",Open 24 hours,·,080 2335 1777,https://www.google.com/aclk?sa=L&ai=DChsSEwjB7fq6-r2UAxV8vKYDHeLHIoAYACICCAEQBRoCdGI&co=1&ase=2&gclid=CjwKCAjwq6DQBhBVEiwA4ZD5XBz3HevKcuj8UEpnV1leSJU--XdMAlJlKfpEKYUs3mqBBk2c1TDvGxoC2pcQAvD_BwE&cid=CAAS0wHkaInfGXbPFKTwepGkLlNZWFVuBX5-ONCBu5yPw45_R18crFP9ZSATGZOYJ42d68M1wfyFCBGpPThm6V7ft78wA7foYigGpsspE1HJwmnfdV0VMIeSfbBpHGPNI7IJ07JS45tcdXnU2iMqc1Qg7T9GcP5hTa7jUPr1zJTmaG061DlDy6yxAw-qL_CicYK0oq6zGGA3BpWFBYhtS2ii4hEiuIvKFU0JzHnKso_gdYm9x1qwG1vZjkc0XJAQYsbYgOBUzugc8802_pFCe83_lqG4sUNp&cce=2&category=acrcp_v1_32&sig=AOD64_0kHv3zZtKOjA_VGImtqfZ02u4uVg&adurl&q&ctype=99&nis=6,,Website,,Directions,,On-site services
https://www.google.com/maps/place/Cratis+Hospital/data=!4m7!3m6!1s0x3bae174e285017e3:0xcdaacc265f57398c!8m2!3d13.0484429!4d77.6456045!16s%2Fg%2F1pxyc56jn!19sChIJ4xdQKE4XrjsRjDlXXybMqs0?authuser=0&hl=en&rclk=1,Cratis Hospital,4.4,-883,General hospital,·,"Geddalahalli, 4-4/1, Hennur Bagalur Main Rd",·,"Geddalahalli, 4-4/1, Hennur Bagalur Main Rd",Open 24 hours,·,080 2844 4733,http://nfc.dgtechsoln.com/cratis-hospital/,,Website,,Directions,,On-site services
"https://www.google.com/maps/place/Nandana+Health+Care+Services+India+Pvt+Ltd,+Unit+Kaade+Hospital/data=!4m7!3m6!1s0x3bae3d90e720dbe5:0x6eb7ae797d77128f!8m2!3d12.9962817!4d77.5464724!16s%2Fg%2F1260xxfvg!19sChIJ5dsg55A9rjsRjxJ3fXmut24?authuser=0&hl=en&rclk=1","Nandana Health Care Services India Pvt Ltd, Unit Kaade Hospital",4.3,"-1,524",General hospital,·,Thimmaiah Rd,·,Thimmaiah Rd,Open 24 hours,·,099022 53636,,,Directions,,,,On-site services
https://www.google.com/maps/place/Aswad+Hospital/data=!4m7!3m6!1s0x3bae14ed97be917d:0x7ff08ca722a801f0!8m2!3d12.9077569!4d77.629941!16s%2Fg%2F1thgfgd0!19sChIJfZG-l-0UrjsR8AGoIqeM8H8?authuser=0&hl=en&rclk=1,Aswad Hospital,3.3,-253,General hospital,·,"Reddy Building Rupena Agrahara, 206, AH43",·,"Reddy Building Rupena Agrahara, 206, AH43",Open 24 hours,,,,,Directions,,,,On-site services
https://www.google.com/maps/place/Al-Ameen+Hospital/data=!4m7!3m6!1s0x3bae1669d7f66469:0x47c77628f27eced3!8m2!3d12.9899701!4d77.5944249!16s%2Fg%2F1th1shcy!19sChIJaWT212kWrjsR085-8ih2x0c?authuser=0&hl=en&rclk=1,Al-Ameen Hospital,4.3,-148,General hospital,·,"3, Millers Tank Bund Rd, off Cunningham Road, opposite Fortune Hotel",·,"3, Millers Tank Bund Rd, off Cunningham Road, opposite Fortune Hotel",Open 24 hours,·,080 2226 0882,,,Directions,,,,"""Very good hospital, affordable with quality treatment"""
https://www.google.com/maps/place/Anand+Multispeciality+Hospital+%7C+Best+hospital+in+Bilekahalli+Bengaluru/data=!4m7!3m6!1s0x3bae1518a438c661:0x8f0eea031332e3ff!8m2!3d12.9000236!4d77.6013216!16s%2Fg%2F1tl8j4f1!19sChIJYcY4pBgVrjsR_-MyEwPqDo8?authuser=0&hl=en&rclk=1,Anand Multispeciality Hospital | Best hospital in Bilekahalli Bengaluru,3.7,-141,General hospital,·,"153, Near Haryana Handloom, 2nd Cross Rd, Bannerghatta Rd",·,"153, Near Haryana Handloom, 2nd Cross Rd, Bannerghatta Rd",Open 24 hours,·,099723 70730,,,Directions,,,,On-site services
https://www.google.com/maps/place/Acura+Speciality+Hospital/data=!4m7!3m6!1s0x3bae1445cea9e27b:0x426a796436a4f016!8m2!3d12.9353207!4d77.6205317!16s%2Fg%2F1tgh1dwx!19sChIJe-KpzkUUrjsRFvCkNmR5akI?authuser=0&hl=en&rclk=1,Acura Speciality Hospital,3.4,-407,General hospital,·,"No. 105, 17th C Main Rd",·,"No. 105, 17th C Main Rd",Open 24 hours,·,080 4511 1555,https://nfc.dgtechsoln.com/acura-speciality-hospital/,,Website,,Directions,,On-site services
https://www.google.com/maps/place/Janapriya+Hospital/data=!4m7!3m6!1s0x3bae16d0ca98d5d3:0xb26c3cc84bb923d9!8m2!3d13.0090151!4d77.6436133!16s%2Fg%2F11c45p29xy!19sChIJ09WYytAWrjsR2SO5S8g8bLI?authuser=0&hl=en&rclk=1,Janapriya Hospital,3.3,-270,General hospital,·,"Minority College, 12, Maruti Vidhyalaya Rd",·,"Minority College, 12, Maruti Vidhyalaya Rd",Open 24 hours,,,https://www.janapriyahospital.co.in/,,Website,,Directions,,"""Well maintained hospital and lab facilities."""
https://www.google.com/maps/place/SRI+CHANDRA+SEKARA+HOSPITAL/data=!4m7!3m6!1s0x3bae70cd9a1a9b51:0x556ba55a6a22532d!8m2!3d12.746265!4d77.8337939!16s%2Fg%2F11b6c3s0y2!19sChIJUZsams1wrjsRLVMialqla1U?authuser=0&hl=en&rclk=1,SRI CHANDRA SEKARA HOSPITAL,4.8,"-16,720",General hospital,·,"Door No: 6/889, S.F. No: 691 & 692, Bagalur Rd, near IOC Petrol Bunk",·,"Door No: 6/889, S.F. No: 691 & 692, Bagalur Rd, near IOC Petrol Bunk",Open 24 hours,·,089406 08608,https://scshospitals.com/,,Website,,Directions,,On-site services
https://www.google.com/maps/place/Gangothri+Hospital/data=!4m7!3m6!1s0x3bae14fbf645d705:0x951a789c3e20d11a!8m2!3d12.9164075!4d77.6137832!16s%2Fg%2F1tk6tbvf!19sChIJBddF9vsUrjsRGtEgPpx4GpU?authuser=0&hl=en&rclk=1,Gangothri Hospital,2.4,-261,General hospital,·,"27, 100 Feet Ring Rd",·,"27, 100 Feet Ring Rd",Open 24 hours,·,080 2668 2734,https://gangotrihospital.com/,,Website,,Directions,,"""Very caring and helpful staff"""
https://www.google.com/maps/place/St.+Theresa%27s+Multi+Speciality+Hospital/data=!4m7!3m6!1s0x3bae3d83af861d8f:0xe0a959f280494b19!8m2!3d13.0065014!4d77.5539773!16s%2Fg%2F1tfqzw5b!19sChIJjx2Gr4M9rjsRGUtJgPJZqeA?authuser=0&hl=en&rclk=1,St. Theresa's Multi Speciality Hospital,4,-341,Hospital,·,"Rajajinagar 1st Block, 1/1, Dr Rajkumar Rd, Opposite Opp Vivekananda College",·,"Rajajinagar 1st Block, 1/1, Dr Rajkumar Rd, Opposite Opp Vivekananda College",Open 24 hours,·,080 2347 2772,https://sttheresas.co.in/,,Website,,Directions,,On-site services
https://www.google.com/maps/place/Kamadhenu+Hospitals/data=!4m7!3m6!1s0x3bae3ddccb4f2179:0x6b49adb085e5a0e1!8m2!3d12.9754555!4d77.5349823!16s%2Fg%2F11bw531pyj!19sChIJeSFPy9w9rjsR4aDlhbCtSWs?authuser=0&hl=en&rclk=1,Kamadhenu Hospitals,4.3,-366,General hospital,·,"40/2-4, 6th Main Rd, behind kamadhenu hospital",·,"40/2-4, 6th Main Rd, behind kamadhenu hospital",Open 24 hours,·,080 2320 5577,,,Directions,,,,"""The nursing staff was attentive, and the room was kept spotless."""
https://www.google.com/maps/place/Sevakshetra+Hospital/data=!4m7!3m6!1s0x3bae1582bd1958a1:0x90f9debff8dea5b5!8m2!3d12.9215653!4d77.5722014!16s%2Fg%2F1tdgn86v!19sChIJoVgZvYIVrjsRtaXe-L_e-ZA?authuser=0&hl=en&rclk=1,Sevakshetra Hospital,3.4,-451,General hospital,·,27th Cross,·,27th Cross,Open 24 hours,·,080 2671 4194,https://sevakshetrahospital.com/,,Website,,Directions,,On-site services
https://www.google.com/maps/place/Sri+Venkateshwara+Hospital/data=!4m7!3m6!1s0x3bae145703753d39:0x8e18961abee3e4c0!8m2!3d12.9264148!4d77.616654!16s%2Fg%2F1t_thr1m!19sChIJOT11A1cUrjsRwOTjvhqWGI4?authuser=0&hl=en&rclk=1,Sri Venkateshwara Hospital,3,-195,General hospital,·,"NH 7, Hosur Rd",·,"NH 7, Hosur Rd",Open 24 hours,·,080 4150 8702,,,Directions,,,,"""Doctors are well trained, Nurse and other staff are courteous."""
https://www.google.com/maps/place/Seventh+Day+Adventist+Medical+Centre+Now+SDA+Hospital/data=!4m7!3m6!1s0x3bae16f42582e79d:0xe4eb32ecb1f91d6e!8m2!3d12.9956104!4d77.6113702!16s%2Fg%2F1thk_8_t!19sChIJneeCJfQWrjsRbh35sewy6-Q?authuser=0&hl=en&rclk=1,Seventh Day Adventist Medical Centre Now SDA Hospital,3.8,-688,General hospital,·,"8, Spencer Rd",·,"8, Spencer Rd",Open 24 hours,·,080 2536 0190,https://sdahospital.com/,,Website,,Directions,,On-site services
https://www.google.com/maps/place/V-Care+Hospital/data=!4m7!3m6!1s0x3bae17ad9a49496f:0x107aaed895201265!8m2!3d13.0159188!4d77.5973212!16s%2Fg%2F1hf142zlp!19sChIJb0lJmq0XrjsRZRIgldiuehA?authuser=0&hl=en&rclk=1,V-Care Hospital,3.2,-839,Hospital,·,"A 1st, 29, Adi Kabir Ashram Main Rd",·,"A 1st, 29, Adi Kabir Ashram Main Rd",Open 24 hours,·,080 2343 4373,http://www.vcarehospital.in/,,Website,,Directions,,On-site services
https://www.google.com/maps/place/M.G.A+Hospital/data=!4m7!3m6!1s0x3bae123339b6e375:0x954522f34f627e33!8m2!3d12.956835!4d77.7002353!16s%2Fg%2F11c48sfjl2!19sChIJdeO2OTMSrjsRM35iT_MiRZU?authuser=0&hl=en&rclk=1,M.G.A Hospital,3.3,-180,General hospital,·,"96, Varthur Main Rd",·,"96, Varthur Main Rd",Open,·,063624 38996,https://www.mgahospitals.in/,,Website,,Directions,,"""A very good hospital with excellent staff and doctors."""
"https://www.google.com/maps/place/SAI+THUNGA+MULTISPECIALITY+HOSPITALS%28Trauma+and+Emergency+Care+Centre,ICU+Care,Renal+and+Kidney,Oncology,Maternity,ENT./data=!4m7!3m6!1s0x3bae15ae946146ed:0xa57468220d19b9b4!8m2!3d12.9239747!4d77.6481932!16s%2Fg%2F11lkw1vz96!19sChIJ7UZhlK4VrjsRtLkZDSJodKU?authuser=0&hl=en&rclk=1","SAI THUNGA MULTISPECIALITY HOSPITALS(Trauma and Emergency Care Centre,ICU Care,Renal and Kidney,Oncology,Maternity,ENT.",4.3,-986,Private hospital,·,"187/269, Outer Ring Rd",·,"187/269, Outer Ring Rd",Open 24 hours,·,072596 42122,https://www.saithungahospital.com/,,Website,,Directions,,On-site services
"https://www.google.com/maps/place/Motherhood+Hospital+-+Best+Maternity,+Child+Care+%26+Pregnancy+Hospital+in+Indiranagar+%7C+Gynecologist+,+Paediatrics/data=!4m7!3m6!1s0x3bae16a48c35b25b:0xd0a5ebead13557dd!8m2!3d12.978472!4d77.6376247!16s%2Fg%2F1tfwhtq5!19sChIJW7I1jKQWrjsR3Vc10errpdA?authuser=0&hl=en&rclk=1","Motherhood Hospital - Best Maternity, Child Care & Pregnancy Hospital in Indiranagar | Gynecologist , Paediatrics",4.5,"-5,385",Maternity Centre,·,"324, Chinmaya Mission Hospital Rd",·,"324, Chinmaya Mission Hospital Rd",Open 24 hours,·,080672 38833,https://www.motherhoodindia.com/locations/bangalore/indiranagar/?utm_source=gmb_mhi&utm_medium=localseo&utm_campaign=indiranagar,,Website,,Directions,,On-site services not available
https://www.google.com/maps/place/Metro+Hospital/data=!4m7!3m6!1s0x3bae166038681c71:0xff6f37142bc5203b!8m2!3d12.9876969!4d77.6093478!16s%2Fg%2F11gf5mwtjc!19sChIJcRxoOGAWrjsROyDFKxQ3b_8?authuser=0&hl=en&rclk=1,Metro Hospital,4,-83,Hospital,·,"17/1, AM Road",·,"17/1, AM Road",Open 24 hours,·,080 2555 3355,,,Directions,,,,"""The treatment was fantastic
All doctors, all sister and staff are best."""
https://www.google.com/maps/place/Kotbagi+Hospital/data=!4m7!3m6!1s0x3bc2bfb6213c9ee3:0x3e5437fa5e43f77!8m2!3d18.5619325!4d73.8047899!16s%2Fg%2F1vv2qprr!19sChIJ4548Iba_wjsRdz_kpX9D5QM?authuser=0&hl=en&rclk=1,Kotbagi Hospital,2.5,-82,General hospital,·,"163, DP Rd, Near DAV Public School",·,"163, DP Rd, Near DAV Public School",Open 24 hours,·,020 4310 0400,,,Directions,,,,"""Knowledgeable doctors and nurses."""
